file,report_type,subcall,num_input_characters,text_tokens,prompt_instr_tokens,total_needed
1393583.txt,pathology,path,2319,602,934,1536
1393583.txt,consult,cons,1851,512,934,1446
1435525.txt,pathology,path,837,243,934,1177
242907.txt,pathology,path,589,168,934,1102
242907.txt,consult,cons,1580,367,934,1301
912141.txt,pathology,path,2506,759,934,1693
912141.txt,consult,cons,2105,512,934,1446
92967.txt,consult,cons,1958,458,934,1392
1448793.txt,pathology,path,4180,1147,934,2081
1448793.txt,consult,cons,2430,621,934,1555
72493.txt,consult,cons,1476,396,934,1330
1457897.txt,pathology,path,493,128,934,1062
1457897.txt,consult,cons,2302,571,934,1505
1243481.txt,pathology,path,567,144,934,1078
1243481.txt,consult,cons,2352,603,934,1537
1127404.txt,pathology,path,1063,305,934,1239
1127404.txt,consult,cons,3509,858,934,1792
618683.txt,pathology,path,1154,288,934,1222
618683.txt,consult,cons,1299,320,934,1254
900490.txt,pathology,path,556,146,934,1080
900490.txt,consult,cons,2876,732,934,1666
1560589.txt,pathology,path,1833,500,934,1434
1560589.txt,consult,cons,2528,627,934,1561
900465.txt,pathology,path,399,131,934,1065
900465.txt,consult,cons,3238,832,934,1766
1384219.txt,pathology,path,929,221,934,1155
1384219.txt,consult,cons,1184,295,934,1229
1176853.txt,pathology,path,951,265,934,1199
1176853.txt,consult,cons,3061,699,934,1633
932953.txt,pathology,path,533,180,934,1114
932953.txt,consult,cons,2583,598,934,1532
1145281.txt,pathology,path,513,148,934,1082
1145281.txt,consult,cons,2159,529,934,1463
1466419.txt,pathology,path,473,130,934,1064
1466419.txt,consult,cons,1770,456,934,1390
637343.txt,pathology,path,576,148,934,1082
9131.txt,pathology,path,649,179,934,1113
9131.txt,consult,cons,3317,930,934,1864
884999.txt,pathology,path,733,182,934,1116
884999.txt,consult,cons,1575,384,934,1318
1115749.txt,pathology,path,790,263,934,1197
1115749.txt,consult,cons,3600,822,934,1756
704145.txt,pathology,path,782,252,934,1186
704145.txt,consult,cons,3648,943,934,1877
1462472.txt,consult,cons,1751,484,934,1418
436641.txt,pathology,path,1076,281,934,1215
436641.txt,consult,cons,4648,1093,934,2027
451834.txt,consult,cons,3840,960,934,1894
1089362.txt,consult,cons,2550,578,934,1512
322896.txt,pathology,path,590,190,934,1124
322896.txt,consult,cons,2278,508,934,1442
1247694.txt,consult,cons,4190,1020,934,1954
1365459.txt,pathology,path,3135,873,934,1807
1365459.txt,consult,cons,2145,503,934,1437
1232897.txt,pathology,path,680,167,934,1101
1232897.txt,consult,cons,983,342,934,1276
830115.txt,pathology,path,834,233,934,1167
830115.txt,consult,cons,2024,491,934,1425
1233017.txt,consult,cons,2968,667,934,1601
1262214.txt,pathology,path,705,165,934,1099
1262214.txt,consult,cons,1411,341,934,1275
123483.txt,pathology,path,470,148,934,1082
1016391.txt,consult,cons,1573,376,934,1310
1308813.txt,consult,cons,2980,745,934,1679
150951.txt,consult,cons,1242,298,934,1232
284231.txt,consult,cons,3595,825,934,1759
1348463.txt,pathology,path,1074,279,934,1213
1348463.txt,consult,cons,2192,514,934,1448
787603.txt,pathology,path,708,212,934,1146
787603.txt,consult,cons,2523,674,934,1608
1263722.txt,pathology,path,662,154,934,1088
1263722.txt,consult,cons,1956,469,934,1403
1456142.txt,pathology,path,575,139,934,1073
1456142.txt,consult,cons,2117,536,934,1470
235316.txt,consult,cons,1928,459,934,1393
651847.txt,consult,cons,3700,946,934,1880
920788.txt,consult,cons,2769,669,934,1603
1068761.txt,consult,cons,2478,609,934,1543
801535.txt,pathology,path,565,156,934,1090
1259610.txt,consult,cons,2726,653,934,1587
1437599.txt,pathology,path,556,156,934,1090
1110794.txt,pathology,path,2241,645,934,1579
1110794.txt,consult,cons,1970,495,934,1429
245815.txt,pathology,path,5171,1370,934,2304
1421695.txt,consult,cons,1822,471,934,1405
206783.txt,pathology,path,594,183,934,1117
803211.txt,pathology,path,5183,1472,934,2406
803211.txt,consult,cons,2892,710,934,1644
1237434.txt,pathology,path,736,168,934,1102
1237434.txt,consult,cons,2286,526,934,1460
437522.txt,pathology,path,657,158,934,1092
437522.txt,consult,cons,1732,432,934,1366
990489.txt,pathology,path,622,163,934,1097
990489.txt,consult,cons,1309,337,934,1271
688973.txt,consult,cons,1506,410,934,1344
739007.txt,consult,cons,2952,728,934,1662
999036.txt,pathology,path,434,120,934,1054
306972.txt,pathology,path,725,221,934,1155
755397.txt,consult,cons,1742,383,934,1317
865277.txt,consult,cons,1674,418,934,1352
1629338.txt,consult,cons,1722,449,934,1383
824381.txt,pathology,path,524,136,934,1070
824381.txt,consult,cons,2759,689,934,1623
840620.txt,pathology,path,2359,642,934,1576
235538.txt,consult,cons,3612,806,934,1740
779143.txt,consult,cons,3329,784,934,1718
1157207.txt,consult,cons,3286,808,934,1742
1042445.txt,pathology,path,973,240,934,1174
1042445.txt,consult,cons,1640,389,934,1323
1513259.txt,pathology,path,523,131,934,1065
1513259.txt,consult,cons,1533,417,934,1351
1156440.txt,pathology,path,582,192,934,1126
1156440.txt,consult,cons,3503,867,934,1801
1413925.txt,pathology,path,6651,1720,934,2654
1260134.txt,pathology,path,599,153,934,1087
1260134.txt,consult,cons,2769,681,934,1615
1287020.txt,consult,cons,1608,387,934,1321
1173780.txt,pathology,path,622,158,934,1092
1173780.txt,consult,cons,1672,420,934,1354
1442530.txt,consult,cons,1336,325,934,1259
745421.txt,pathology,path,380,102,934,1036
745421.txt,consult,cons,2265,555,934,1489
94714.txt,consult,cons,785,194,934,1128
1290109.txt,consult,cons,2820,716,934,1650
1147322.txt,pathology,path,4494,1418,934,2352
1147322.txt,consult,cons,3055,725,934,1659
279242.txt,pathology,path,666,155,934,1089
279242.txt,consult,cons,1720,422,934,1356
1610461.txt,consult,cons,1205,296,934,1230
991577.txt,consult,cons,1522,380,934,1314
136458.txt,pathology,path,4896,1514,934,2448
136458.txt,consult,cons,2393,534,934,1468
1434930.txt,consult,cons,1241,313,934,1247
1128418.txt,pathology,path,694,200,934,1134
1128418.txt,consult,cons,2660,616,934,1550
460075.txt,consult,cons,1191,296,934,1230
1082999.txt,pathology,path,5520,1514,934,2448
1082999.txt,consult,cons,1737,433,934,1367
100729.txt,consult,cons,2940,717,934,1651
1266668.txt,consult,cons,1901,430,934,1364
294180.txt,pathology,path,909,306,934,1240
294180.txt,consult,cons,3083,660,934,1594
1517636.txt,pathology,path,531,136,934,1070
1524429.txt,pathology,path,764,221,934,1155
1524429.txt,consult,cons,2496,641,934,1575
975174.txt,pathology,path,606,177,934,1111
804225.txt,pathology,path,504,130,934,1064
804225.txt,consult,cons,3703,894,934,1828
1161635.txt,pathology,path,659,191,934,1125
1161635.txt,consult,cons,2824,695,934,1629
1366321.txt,pathology,path,1452,415,934,1349
1366321.txt,consult,cons,1739,407,934,1341
1031743.txt,pathology,path,4616,1457,934,2391
808965.txt,pathology,path,825,246,934,1180
808965.txt,consult,cons,1489,367,934,1301
811013.txt,consult,cons,2603,637,934,1571
1108098.txt,consult,cons,3016,706,934,1640
493821.txt,consult,cons,1657,422,934,1356
810748.txt,pathology,path,771,284,934,1218
810748.txt,consult,cons,4915,1148,934,2082
1489909.txt,pathology,path,441,124,934,1058
1489909.txt,consult,cons,2959,741,934,1675
1222698.txt,consult,cons,3474,838,934,1772
1569326.txt,consult,cons,2351,574,934,1508
1626507.txt,consult,cons,1916,440,934,1374
552901.txt,pathology,path,605,154,934,1088
552901.txt,consult,cons,1464,359,934,1293
1501323.txt,consult,cons,1591,400,934,1334
1117087.txt,consult,cons,1881,497,934,1431
822853.txt,pathology,path,1040,265,934,1199
822853.txt,consult,cons,2325,540,934,1474
1310803.txt,consult,cons,1409,349,934,1283
1244332.txt,pathology,path,628,156,934,1090
1244332.txt,consult,cons,2594,633,934,1567
1444811.txt,pathology,path,536,137,934,1071
1444811.txt,consult,cons,2045,505,934,1439
1177082.txt,pathology,path,472,162,934,1096
1177082.txt,consult,cons,1535,356,934,1290
120069.txt,consult,cons,3747,847,934,1781
490657.txt,pathology,path,1427,376,934,1310
490657.txt,consult,cons,2303,541,934,1475
300560.txt,pathology,path,697,172,934,1106
656981.txt,pathology,path,3251,995,934,1929
1424073.txt,pathology,path,480,126,934,1060
1424073.txt,consult,cons,2116,501,934,1435
1431251.txt,pathology,path,551,144,934,1078
1199165.txt,consult,cons,1122,250,934,1184
1266956.txt,consult,cons,2773,645,934,1579
832253.txt,consult,cons,896,230,934,1164
141143.txt,pathology,path,532,138,934,1072
141143.txt,consult,cons,406,105,934,1039
111738.txt,consult,cons,2136,489,934,1423
536666.txt,pathology,path,587,150,934,1084
536666.txt,consult,cons,2251,549,934,1483
1402243.txt,pathology,path,727,182,934,1116
1402243.txt,consult,cons,2422,582,934,1516
1565302.txt,pathology,path,1136,295,934,1229
1565302.txt,consult,cons,2712,715,934,1649
157156.txt,pathology,path,5155,1435,934,2369
296213.txt,consult,cons,804,207,934,1141
1164759.txt,pathology,path,624,206,934,1140
1164759.txt,consult,cons,1933,486,934,1420
1223664.txt,pathology,path,947,262,934,1196
1223664.txt,consult,cons,1442,358,934,1292
1252653.txt,consult,cons,1063,268,934,1202
1319850.txt,consult,cons,1435,367,934,1301
980000.txt,pathology,path,656,202,934,1136
980000.txt,consult,cons,2635,614,934,1548
1673510.txt,consult,cons,832,218,934,1152
1082505.txt,consult,cons,2071,481,934,1415
571923.txt,pathology,path,547,142,934,1076
571923.txt,consult,cons,2423,590,934,1524
1171744.txt,consult,cons,3134,736,934,1670
584848.txt,pathology,path,924,288,934,1222
584848.txt,consult,cons,2345,530,934,1464
669146.txt,consult,cons,1806,421,934,1355
236853.txt,pathology,path,941,321,934,1255
236853.txt,consult,cons,3141,724,934,1658
580293.txt,pathology,path,656,176,934,1110
580293.txt,consult,cons,2130,510,934,1444
738759.txt,pathology,path,720,197,934,1131
738759.txt,consult,cons,1735,414,934,1348
1473020.txt,consult,cons,2544,638,934,1572
1287301.txt,pathology,path,507,147,934,1081
1287301.txt,consult,cons,1748,426,934,1360
454921.txt,pathology,path,917,238,934,1172
454921.txt,consult,cons,2809,710,934,1644
188433.txt,pathology,path,490,128,934,1062
188433.txt,consult,cons,3160,770,934,1704
41566.txt,pathology,path,759,191,934,1125
41566.txt,consult,cons,1473,361,934,1295
1448364.txt,consult,cons,2042,513,934,1447
1568369.txt,consult,cons,1870,467,934,1401
1629212.txt,pathology,path,744,191,934,1125
1629212.txt,consult,cons,1290,315,934,1249
700633.txt,pathology,path,496,127,934,1061
700633.txt,consult,cons,2148,521,934,1455
1293535.txt,consult,cons,1691,421,934,1355
1104512.txt,pathology,path,466,125,934,1059
125021.txt,pathology,path,748,205,934,1139
125021.txt,consult,cons,3159,763,934,1697
249456.txt,pathology,path,932,257,934,1191
249456.txt,consult,cons,939,258,934,1192
579564.txt,consult,cons,1306,311,934,1245
1447975.txt,pathology,path,575,160,934,1094
1447975.txt,consult,cons,4598,1098,934,2032
292261.txt,pathology,path,504,143,934,1077
292261.txt,consult,cons,2196,545,934,1479
1271901.txt,pathology,path,447,121,934,1055
1271901.txt,consult,cons,2959,711,934,1645
593910.txt,consult,cons,2335,547,934,1481
1156267.txt,consult,cons,2248,558,934,1492
1137628.txt,consult,cons,1698,386,934,1320
1120835.txt,pathology,path,1619,524,934,1458
1120835.txt,consult,cons,1987,444,934,1378
925650.txt,pathology,path,579,174,934,1108
925650.txt,consult,cons,3496,812,934,1746
183957.txt,pathology,path,1280,325,934,1259
183957.txt,consult,cons,1861,478,934,1412
948790.txt,pathology,path,574,145,934,1079
948790.txt,consult,cons,1870,481,934,1415
1185576.txt,pathology,path,526,137,934,1071
1185576.txt,consult,cons,2178,559,934,1493
1294458.txt,pathology,path,755,215,934,1149
1294458.txt,consult,cons,3449,876,934,1810
333937.txt,pathology,path,568,150,934,1084
333937.txt,consult,cons,1326,317,934,1251
147889.txt,pathology,path,645,202,934,1136
147889.txt,consult,cons,1881,445,934,1379
1076826.txt,consult,cons,2583,630,934,1564
126518.txt,pathology,path,737,194,934,1128
126518.txt,consult,cons,2049,554,934,1488
1294809.txt,consult,cons,1278,319,934,1253
1113863.txt,pathology,path,706,198,934,1132
1113863.txt,consult,cons,2381,572,934,1506
795778.txt,consult,cons,765,177,934,1111
1261144.txt,pathology,path,572,149,934,1083
1261144.txt,consult,cons,2631,672,934,1606
1330775.txt,consult,cons,2102,495,934,1429
1667104.txt,consult,cons,791,223,934,1157
1289606.txt,consult,cons,1463,371,934,1305
1164060.txt,pathology,path,1426,350,934,1284
1164060.txt,consult,cons,3280,842,934,1776
655883.txt,pathology,path,742,167,934,1101
655883.txt,consult,cons,2384,554,934,1488
1324719.txt,consult,cons,1364,353,934,1287
1050579.txt,consult,cons,2702,635,934,1569
97134.txt,consult,cons,1782,468,934,1402
1189148.txt,pathology,path,831,251,934,1185
1189148.txt,consult,cons,4788,1069,934,2003
1192207.txt,pathology,path,2064,597,934,1531
1192207.txt,consult,cons,2477,593,934,1527
1230627.txt,pathology,path,1882,473,934,1407
1230627.txt,consult,cons,2187,569,934,1503
1254031.txt,consult,cons,4190,1038,934,1972
1296627.txt,consult,cons,1506,376,934,1310
1342311.txt,pathology,path,1440,385,934,1319
1108013.txt,consult,cons,2705,569,934,1503
988682.txt,consult,cons,3927,956,934,1890
1065359.txt,consult,cons,761,188,934,1122
1208233.txt,pathology,path,757,220,934,1154
1208233.txt,consult,cons,2096,492,934,1426
1254757.txt,pathology,path,2336,661,934,1595
1254757.txt,consult,cons,2888,734,934,1668
1385239.txt,pathology,path,526,136,934,1070
1456720.txt,pathology,path,412,113,934,1047
1456720.txt,consult,cons,1272,325,934,1259
1237068.txt,consult,cons,3000,744,934,1678
1319384.txt,consult,cons,1183,286,934,1220
1077516.txt,consult,cons,3301,799,934,1733
1229304.txt,pathology,path,796,195,934,1129
1229304.txt,consult,cons,1934,455,934,1389
1236616.txt,pathology,path,518,131,934,1065
1236616.txt,consult,cons,1297,338,934,1272
1442355.txt,pathology,path,575,153,934,1087
1442355.txt,consult,cons,1692,415,934,1349
1470637.txt,pathology,path,451,124,934,1058
1470637.txt,consult,cons,3445,859,934,1793
1205840.txt,pathology,path,746,223,934,1157
1205840.txt,consult,cons,2671,601,934,1535
936819.txt,pathology,path,726,218,934,1152
936819.txt,consult,cons,2672,649,934,1583
752181.txt,pathology,path,594,162,934,1096
752181.txt,consult,cons,1760,442,934,1376
1514079.txt,pathology,path,438,113,934,1047
1514079.txt,consult,cons,2664,645,934,1579
1028731.txt,pathology,path,571,180,934,1114
1028731.txt,consult,cons,2239,532,934,1466
62806.txt,consult,cons,2439,582,934,1516
719809.txt,consult,cons,3070,739,934,1673
1145024.txt,pathology,path,756,206,934,1140
1145024.txt,consult,cons,2521,571,934,1505
1277636.txt,consult,cons,849,232,934,1166
1150440.txt,consult,cons,2358,575,934,1509
1078008.txt,consult,cons,2670,675,934,1609
1364626.txt,pathology,path,567,156,934,1090
1364626.txt,consult,cons,2834,697,934,1631
1314678.txt,consult,cons,856,243,934,1177
1044448.txt,pathology,path,532,138,934,1072
1044448.txt,consult,cons,2384,588,934,1522
1022364.txt,consult,cons,2817,715,934,1649
1098748.txt,pathology,path,1724,436,934,1370
1140774.txt,consult,cons,4938,1204,934,2138
398501.txt,pathology,path,596,188,934,1122
398501.txt,consult,cons,2284,573,934,1507
1246520.txt,pathology,path,632,143,934,1077
1246520.txt,consult,cons,2819,709,934,1643
742863.txt,pathology,path,819,212,934,1146
742863.txt,consult,cons,1560,391,934,1325
1121050.txt,consult,cons,3902,941,934,1875
467893.txt,pathology,path,920,313,934,1247
467893.txt,consult,cons,3790,897,934,1831
1165489.txt,consult,cons,779,191,934,1125
223514.txt,pathology,path,1049,268,934,1202
223514.txt,consult,cons,1556,399,934,1333
1460110.txt,pathology,path,531,150,934,1084
1460110.txt,consult,cons,1998,470,934,1404
319885.txt,consult,cons,2152,571,934,1505
1247526.txt,pathology,path,632,164,934,1098
1247526.txt,consult,cons,2496,579,934,1513
1109025.txt,pathology,path,639,187,934,1121
1109025.txt,consult,cons,3066,728,934,1662
1183186.txt,pathology,path,597,194,934,1128
1477536.txt,consult,cons,3071,714,934,1648
36311.txt,pathology,path,802,249,934,1183
36311.txt,consult,cons,2088,506,934,1440
1549397.txt,pathology,path,969,264,934,1198
1549397.txt,consult,cons,2808,754,934,1688
1163398.txt,pathology,path,482,122,934,1056
1163398.txt,consult,cons,1311,316,934,1250
832888.txt,consult,cons,1089,230,934,1164
836427.txt,pathology,path,564,146,934,1080
836427.txt,consult,cons,1998,490,934,1424
534929.txt,consult,cons,1307,313,934,1247
1374085.txt,consult,cons,1655,407,934,1341
1275731.txt,consult,cons,1987,470,934,1404
1331317.txt,pathology,path,606,140,934,1074
1331317.txt,consult,cons,4991,1151,934,2085
968639.txt,pathology,path,1252,359,934,1293
968639.txt,consult,cons,2219,487,934,1421
907583.txt,pathology,path,2639,806,934,1740
907583.txt,consult,cons,2778,694,934,1628
1074265.txt,consult,cons,4887,1096,934,2030
1085010.txt,consult,cons,3105,779,934,1713
1109413.txt,pathology,path,523,169,934,1103
1109413.txt,consult,cons,1911,461,934,1395
1212081.txt,pathology,path,679,180,934,1114
1212081.txt,consult,cons,1619,393,934,1327
1332528.txt,pathology,path,868,266,934,1200
1332528.txt,consult,cons,1490,370,934,1304
1433822.txt,pathology,path,501,138,934,1072
388442.txt,pathology,path,581,186,934,1120
388442.txt,consult,cons,2837,671,934,1605
726562.txt,consult,cons,2956,726,934,1660
134424.txt,pathology,path,757,277,934,1211
134424.txt,consult,cons,3260,783,934,1717
1109080.txt,pathology,path,666,196,934,1130
1109080.txt,consult,cons,2707,626,934,1560
555942.txt,pathology,path,546,178,934,1112
555942.txt,consult,cons,1865,479,934,1413
1529931.txt,pathology,path,529,137,934,1071
1529931.txt,consult,cons,2057,500,934,1434
1468262.txt,pathology,path,1923,531,934,1465
602299.txt,pathology,path,581,185,934,1119
602299.txt,consult,cons,3179,754,934,1688
1358956.txt,pathology,path,713,186,934,1120
1399697.txt,pathology,path,368,99,934,1033
1399697.txt,consult,cons,2183,549,934,1483
535790.txt,pathology,path,501,136,934,1070
1700089.txt,consult,cons,777,188,934,1122
386754.txt,pathology,path,464,123,934,1057
386754.txt,consult,cons,1466,372,934,1306
376941.txt,pathology,path,1071,300,934,1234
376941.txt,consult,cons,3044,801,934,1735
1044430.txt,pathology,path,410,110,934,1044
864996.txt,pathology,path,904,249,934,1183
864996.txt,consult,cons,1128,287,934,1221
175401.txt,consult,cons,816,233,934,1167
361167.txt,pathology,path,996,303,934,1237
361167.txt,consult,cons,2317,551,934,1485
1452487.txt,pathology,path,629,168,934,1102
1452487.txt,consult,cons,1519,399,934,1333
1100399.txt,pathology,path,627,185,934,1119
1100399.txt,consult,cons,3492,811,934,1745
1215254.txt,consult,cons,1679,394,934,1328
1597827.txt,consult,cons,1938,480,934,1414
644397.txt,consult,cons,3615,924,934,1858
1346920.txt,pathology,path,966,267,934,1201
1346920.txt,consult,cons,1508,361,934,1295
832366.txt,pathology,path,475,127,934,1061
446977.txt,pathology,path,862,214,934,1148
446977.txt,consult,cons,1770,477,934,1411
1131291.txt,pathology,path,527,187,934,1121
1131291.txt,consult,cons,2781,637,934,1571
957230.txt,pathology,path,480,161,934,1095
957230.txt,consult,cons,2252,521,934,1455
1063176.txt,consult,cons,3565,841,934,1775
1147283.txt,pathology,path,454,159,934,1093
1147283.txt,consult,cons,2331,517,934,1451
891128.txt,pathology,path,1271,351,934,1285
1037530.txt,consult,cons,3527,826,934,1760
1406690.txt,pathology,path,562,151,934,1085
474844.txt,consult,cons,2740,661,934,1595
692769.txt,pathology,path,478,161,934,1095
692769.txt,consult,cons,3713,903,934,1837
1528517.txt,consult,cons,846,279,934,1213
1024961.txt,pathology,path,642,216,934,1150
1024961.txt,consult,cons,1908,433,934,1367
276343.txt,pathology,path,1446,456,934,1390
276343.txt,consult,cons,1998,438,934,1372
732897.txt,consult,cons,2195,505,934,1439
1535811.txt,consult,cons,3526,838,934,1772
615500.txt,pathology,path,496,127,934,1061
615500.txt,consult,cons,2012,477,934,1411
1277035.txt,pathology,path,654,185,934,1119
1277035.txt,consult,cons,2397,610,934,1544
1513334.txt,consult,cons,2784,676,934,1610
1130580.txt,pathology,path,560,180,934,1114
1130580.txt,consult,cons,2421,588,934,1522
359824.txt,pathology,path,458,122,934,1056
359824.txt,consult,cons,2870,802,934,1736
330928.txt,consult,cons,2779,639,934,1573
1138298.txt,pathology,path,629,188,934,1122
1138298.txt,consult,cons,2254,507,934,1441
1618327.txt,pathology,path,1378,354,934,1288
1209421.txt,consult,cons,2867,707,934,1641
1026509.txt,consult,cons,2813,632,934,1566
1334220.txt,pathology,path,2315,582,934,1516
307204.txt,pathology,path,627,200,934,1134
307204.txt,consult,cons,3390,806,934,1740
963098.txt,pathology,path,473,150,934,1084
963098.txt,consult,cons,1773,482,934,1416
1338180.txt,pathology,path,600,153,934,1087
1338180.txt,consult,cons,1258,322,934,1256
607008.txt,pathology,path,679,230,934,1164
607008.txt,consult,cons,2577,588,934,1522
1297318.txt,consult,cons,1472,362,934,1296
924048.txt,pathology,path,860,297,934,1231
924048.txt,consult,cons,2977,684,934,1618
1406086.txt,pathology,path,505,139,934,1073
1406086.txt,consult,cons,3129,832,934,1766
1143295.txt,pathology,path,577,188,934,1122
1143295.txt,consult,cons,2111,450,934,1384
1295003.txt,consult,cons,2917,727,934,1661
1188128.txt,pathology,path,1070,381,934,1315
1188128.txt,consult,cons,2012,510,934,1444
1142707.txt,pathology,path,860,262,934,1196
1142707.txt,consult,cons,2559,584,934,1518
1149446.txt,pathology,path,1879,616,934,1550
1149446.txt,consult,cons,2554,635,934,1569
680227.txt,consult,cons,1883,428,934,1362
782833.txt,consult,cons,1790,431,934,1365
1519382.txt,pathology,path,1690,457,934,1391
1519382.txt,consult,cons,1631,409,934,1343
307557.txt,pathology,path,1387,390,934,1324
307557.txt,consult,cons,1847,457,934,1391
759432.txt,pathology,path,1258,336,934,1270
759432.txt,consult,cons,1146,284,934,1218
1239735.txt,pathology,path,541,138,934,1072
1239735.txt,consult,cons,1908,434,934,1368
1080401.txt,consult,cons,2653,614,934,1548
912580.txt,consult,cons,3145,751,934,1685
1331038.txt,pathology,path,525,131,934,1065
1331038.txt,consult,cons,1055,259,934,1193
816794.txt,consult,cons,1485,526,934,1460
1273369.txt,consult,cons,1725,402,934,1336
847829.txt,consult,cons,4575,1081,934,2015
556923.txt,pathology,path,780,216,934,1150
556923.txt,consult,cons,3047,741,934,1675
763380.txt,pathology,path,4445,1230,934,2164
763380.txt,consult,cons,1952,488,934,1422
1174467.txt,pathology,path,471,155,934,1089
1174467.txt,consult,cons,2144,491,934,1425
888602.txt,pathology,path,1520,366,934,1300
888602.txt,consult,cons,3048,713,934,1647
1504578.txt,pathology,path,466,126,934,1060
1504578.txt,consult,cons,1870,508,934,1442
484722.txt,pathology,path,419,111,934,1045
484722.txt,consult,cons,1601,370,934,1304
1223322.txt,pathology,path,726,218,934,1152
1223322.txt,consult,cons,1496,369,934,1303
1457682.txt,pathology,path,3628,1041,934,1975
1457682.txt,consult,cons,1739,420,934,1354
1194749.txt,pathology,path,712,216,934,1150
1194749.txt,consult,cons,3234,783,934,1717
1547573.txt,pathology,path,942,284,934,1218
1547573.txt,consult,cons,3910,1019,934,1953
1089523.txt,pathology,path,3776,1055,934,1989
1089523.txt,consult,cons,3570,856,934,1790
1387465.txt,pathology,path,2418,625,934,1559
1289220.txt,consult,cons,3921,934,934,1868
1306232.txt,consult,cons,815,211,934,1145
1365382.txt,consult,cons,1639,411,934,1345
486876.txt,pathology,path,525,131,934,1065
973526.txt,pathology,path,543,159,934,1093
973526.txt,consult,cons,1677,434,934,1368
1475415.txt,pathology,path,470,122,934,1056
1475415.txt,consult,cons,1569,410,934,1344
863972.txt,consult,cons,2832,717,934,1651
136038.txt,consult,cons,4611,1138,934,2072
1106419.txt,consult,cons,4364,971,934,1905
1269016.txt,consult,cons,1367,336,934,1270
738401.txt,pathology,path,776,218,934,1152
738401.txt,consult,cons,2403,599,934,1533
787354.txt,pathology,path,546,171,934,1105
787354.txt,consult,cons,1525,363,934,1297
1127947.txt,pathology,path,3429,883,934,1817
1127947.txt,consult,cons,3866,980,934,1914
469158.txt,pathology,path,713,193,934,1127
469158.txt,consult,cons,2238,513,934,1447
1347153.txt,pathology,path,605,159,934,1093
1020709.txt,consult,cons,1657,374,934,1308
1213444.txt,consult,cons,2207,530,934,1464
1641810.txt,pathology,path,6312,1675,934,2609
324434.txt,pathology,path,1490,411,934,1345
324434.txt,consult,cons,2145,558,934,1492
1178863.txt,pathology,path,1111,336,934,1270
1178863.txt,consult,cons,2546,645,934,1579
106520.txt,consult,cons,774,208,934,1142
521644.txt,pathology,path,1020,261,934,1195
521644.txt,consult,cons,3233,767,934,1701
474079.txt,pathology,path,569,144,934,1078
474079.txt,consult,cons,3167,761,934,1695
154306.txt,pathology,path,487,125,934,1059
860978.txt,pathology,path,558,137,934,1071
1621194.txt,pathology,path,953,288,934,1222
1621194.txt,consult,cons,3164,790,934,1724
1476181.txt,pathology,path,638,157,934,1091
1476181.txt,consult,cons,1246,297,934,1231
207046.txt,consult,cons,831,243,934,1177
1295667.txt,pathology,path,1124,264,934,1198
1295667.txt,consult,cons,1490,370,934,1304
1257269.txt,consult,cons,2593,607,934,1541
1340671.txt,consult,cons,1351,347,934,1281
1329878.txt,consult,cons,2530,602,934,1536
1190812.txt,pathology,path,861,261,934,1195
1122727.txt,pathology,path,628,181,934,1115
1122727.txt,consult,cons,3186,757,934,1691
465567.txt,consult,cons,3189,852,934,1786
1066410.txt,consult,cons,3131,769,934,1703
1427932.txt,pathology,path,1377,381,934,1315
1337276.txt,consult,cons,1999,507,934,1441
378985.txt,consult,cons,897,233,934,1167
1451513.txt,consult,cons,2283,547,934,1481
1460055.txt,pathology,path,398,114,934,1048
1460055.txt,consult,cons,1393,356,934,1290
187518.txt,pathology,path,727,223,934,1157
187518.txt,consult,cons,5070,1199,934,2133
1092994.txt,consult,cons,2732,630,934,1564
242635.txt,pathology,path,605,160,934,1094
242635.txt,consult,cons,1536,373,934,1307
250322.txt,consult,cons,2241,552,934,1486
1548911.txt,consult,cons,4969,1248,934,2182
1130120.txt,pathology,path,3943,1185,934,2119
1130120.txt,consult,cons,4987,1188,934,2122
1075533.txt,consult,cons,3532,801,934,1735
1031266.txt,pathology,path,505,135,934,1069
1031266.txt,consult,cons,1949,450,934,1384
1300290.txt,consult,cons,3132,758,934,1692
1424359.txt,consult,cons,1158,285,934,1219
1424032.txt,consult,cons,2011,497,934,1431
1406838.txt,pathology,path,538,158,934,1092
1406838.txt,consult,cons,1963,508,934,1442
998834.txt,pathology,path,580,165,934,1099
998834.txt,consult,cons,2642,690,934,1624
1014012.txt,consult,cons,1639,404,934,1338
1135076.txt,consult,cons,835,219,934,1153
1421704.txt,consult,cons,1260,303,934,1237
1503846.txt,pathology,path,1002,276,934,1210
1503846.txt,consult,cons,2314,630,934,1564
1004073.txt,pathology,path,514,128,934,1062
1004073.txt,consult,cons,1448,333,934,1267
288336.txt,pathology,path,563,142,934,1076
288336.txt,consult,cons,2395,590,934,1524
771523.txt,pathology,path,669,187,934,1121
771523.txt,consult,cons,1857,438,934,1372
357871.txt,pathology,path,558,182,934,1116
357871.txt,consult,cons,2450,619,934,1553
135560.txt,pathology,path,1387,353,934,1287
135560.txt,consult,cons,1776,488,934,1422
166906.txt,pathology,path,655,156,934,1090
166906.txt,consult,cons,2812,723,934,1657
1208740.txt,pathology,path,1626,507,934,1441
1208740.txt,consult,cons,3399,888,934,1822
930297.txt,pathology,path,5143,1483,934,2417
930297.txt,consult,cons,2624,675,934,1609
819290.txt,consult,cons,5075,1164,934,2098
345463.txt,consult,cons,2725,617,934,1551
518791.txt,pathology,path,683,222,934,1156
518791.txt,consult,cons,2208,510,934,1444
857282.txt,pathology,path,721,215,934,1149
857282.txt,consult,cons,3209,801,934,1735
1436630.txt,consult,cons,792,244,934,1178
1072739.txt,consult,cons,2370,535,934,1469
1125637.txt,pathology,path,1851,660,934,1594
1125637.txt,consult,cons,2813,688,934,1622
1311615.txt,pathology,path,762,183,934,1117
1311615.txt,consult,cons,3931,937,934,1871
1149638.txt,pathology,path,654,204,934,1138
1149638.txt,consult,cons,2498,609,934,1543
401228.txt,pathology,path,1516,447,934,1381
1264635.txt,pathology,path,513,132,934,1066
1264635.txt,consult,cons,2038,499,934,1433
258141.txt,pathology,path,1018,268,934,1202
1401958.txt,pathology,path,555,137,934,1071
1401958.txt,consult,cons,1567,408,934,1342
558397.txt,pathology,path,479,124,934,1058
558397.txt,consult,cons,2207,569,934,1503
1131412.txt,pathology,path,758,195,934,1129
1131412.txt,consult,cons,1623,392,934,1326
364959.txt,consult,cons,783,234,934,1168
12144.txt,consult,cons,3275,765,934,1699
1607304.txt,consult,cons,1592,389,934,1323
1184300.txt,consult,cons,816,195,934,1129
1177630.txt,pathology,path,635,148,934,1082
1224467.txt,pathology,path,555,191,934,1125
479810.txt,pathology,path,746,199,934,1133
479810.txt,consult,cons,2231,530,934,1464
1416988.txt,pathology,path,394,105,934,1039
1416988.txt,consult,cons,1609,430,934,1364
837503.txt,consult,cons,2720,608,934,1542
911530.txt,consult,cons,2555,623,934,1557
152270.txt,pathology,path,548,140,934,1074
1061513.txt,pathology,path,662,191,934,1125
244078.txt,pathology,path,968,247,934,1181
244078.txt,consult,cons,1449,378,934,1312
833851.txt,pathology,path,4613,1396,934,2330
833851.txt,consult,cons,3936,925,934,1859
1649177.txt,pathology,path,430,117,934,1051
1167024.txt,consult,cons,3199,776,934,1710
767722.txt,consult,cons,3680,847,934,1781
1081091.txt,consult,cons,3391,806,934,1740
1510016.txt,pathology,path,579,145,934,1079
654327.txt,consult,cons,1793,439,934,1373
100150.txt,pathology,path,967,275,934,1209
100150.txt,consult,cons,1374,299,934,1233
7777.txt,pathology,path,592,173,934,1107
7777.txt,consult,cons,1697,387,934,1321
1108787.txt,consult,cons,2893,675,934,1609
1457934.txt,pathology,path,577,155,934,1089
1457934.txt,consult,cons,2011,543,934,1477
1503544.txt,pathology,path,3545,1008,934,1942
1503544.txt,consult,cons,3508,938,934,1872
1237652.txt,pathology,path,705,199,934,1133
1237652.txt,consult,cons,2624,650,934,1584
1292894.txt,pathology,path,2637,682,934,1616
1292894.txt,consult,cons,2456,611,934,1545
1017733.txt,pathology,path,691,176,934,1110
1017733.txt,consult,cons,3392,839,934,1773
1266899.txt,pathology,path,772,187,934,1121
1266899.txt,consult,cons,2010,502,934,1436
1591620.txt,pathology,path,694,173,934,1107
1591620.txt,consult,cons,2145,553,934,1487
220399.txt,pathology,path,464,121,934,1055
220399.txt,consult,cons,1997,506,934,1440
227464.txt,pathology,path,633,157,934,1091
227464.txt,consult,cons,2705,662,934,1596
1296972.txt,pathology,path,594,165,934,1099
1296972.txt,consult,cons,2798,703,934,1637
1354965.txt,pathology,path,494,133,934,1067
1354965.txt,consult,cons,1555,399,934,1333
1070247.txt,consult,cons,2084,513,934,1447
1178706.txt,consult,cons,1889,454,934,1388
1009880.txt,pathology,path,537,133,934,1067
1009880.txt,consult,cons,2004,478,934,1412
1237993.txt,pathology,path,780,186,934,1120
1237993.txt,consult,cons,1199,311,934,1245
359825.txt,consult,cons,925,199,934,1133
628178.txt,pathology,path,913,233,934,1167
628178.txt,consult,cons,2104,521,934,1455
1302380.txt,pathology,path,7787,2247,934,3181
1302380.txt,consult,cons,2359,580,934,1514
252296.txt,pathology,path,539,153,934,1087
1317057.txt,pathology,path,697,178,934,1112
1317057.txt,consult,cons,1358,345,934,1279
722792.txt,pathology,path,832,222,934,1156
722792.txt,consult,cons,4166,1067,934,2001
1219243.txt,pathology,path,448,154,934,1088
1219243.txt,consult,cons,4129,964,934,1898
996342.txt,pathology,path,626,155,934,1089
996342.txt,consult,cons,1507,372,934,1306
990263.txt,consult,cons,2850,669,934,1603
1093969.txt,pathology,path,617,159,934,1093
1093969.txt,consult,cons,3643,909,934,1843
1019973.txt,consult,cons,7727,1797,934,2731
347246.txt,pathology,path,644,167,934,1101
347246.txt,consult,cons,1313,322,934,1256
1093699.txt,pathology,path,568,147,934,1081
1093699.txt,consult,cons,1284,311,934,1245
210505.txt,pathology,path,533,148,934,1082
210505.txt,consult,cons,1742,455,934,1389
1221482.txt,consult,cons,3452,860,934,1794
1579197.txt,pathology,path,789,196,934,1130
1579197.txt,consult,cons,1259,310,934,1244
1568879.txt,pathology,path,947,219,934,1153
1316912.txt,consult,cons,1745,438,934,1372
1279649.txt,pathology,path,3394,913,934,1847
1279649.txt,consult,cons,1455,337,934,1271
1410950.txt,pathology,path,594,151,934,1085
1410950.txt,consult,cons,2317,616,934,1550
1458541.txt,pathology,path,785,209,934,1143
1458541.txt,consult,cons,1697,410,934,1344
1586663.txt,pathology,path,679,197,934,1131
1586663.txt,consult,cons,1774,448,934,1382
1132653.txt,pathology,path,588,192,934,1126
1132653.txt,consult,cons,2224,507,934,1441
1322650.txt,consult,cons,2364,559,934,1493
1445486.txt,pathology,path,908,258,934,1192
1445486.txt,consult,cons,1758,496,934,1430
669316.txt,consult,cons,3200,767,934,1701
1136997.txt,pathology,path,832,283,934,1217
1136997.txt,consult,cons,2957,731,934,1665
1006301.txt,pathology,path,881,209,934,1143
1006301.txt,consult,cons,2194,538,934,1472
138405.txt,consult,cons,1479,359,934,1293
1262059.txt,pathology,path,574,154,934,1088
1262059.txt,consult,cons,2385,608,934,1542
1514775.txt,pathology,path,548,143,934,1077
1514775.txt,consult,cons,3046,773,934,1707
6369.txt,pathology,path,778,263,934,1197
6369.txt,consult,cons,1817,481,934,1415
1622580.txt,consult,cons,1358,338,934,1272
1586860.txt,pathology,path,635,180,934,1114
1586860.txt,consult,cons,1565,416,934,1350
1096098.txt,consult,cons,3563,810,934,1744
1505227.txt,pathology,path,664,178,934,1112
1505227.txt,consult,cons,2247,551,934,1485
460934.txt,pathology,path,648,210,934,1144
460934.txt,consult,cons,1901,443,934,1377
1510079.txt,consult,cons,1511,380,934,1314
696524.txt,pathology,path,1067,286,934,1220
1611082.txt,pathology,path,465,127,934,1061
1611082.txt,consult,cons,1543,406,934,1340
1164033.txt,consult,cons,5674,1296,934,2230
820516.txt,pathology,path,405,107,934,1041
820516.txt,consult,cons,4463,1060,934,1994
307869.txt,pathology,path,547,187,934,1121
307869.txt,consult,cons,3131,761,934,1695
438752.txt,pathology,path,903,311,934,1245
438752.txt,consult,cons,2245,530,934,1464
1348408.txt,pathology,path,433,123,934,1057
1348408.txt,consult,cons,4165,1068,934,2002
1227068.txt,consult,cons,3685,857,934,1791
667872.txt,pathology,path,1505,520,934,1454
667872.txt,consult,cons,4567,1060,934,1994
524769.txt,pathology,path,934,268,934,1202
1489662.txt,pathology,path,960,252,934,1186
1489662.txt,consult,cons,1698,411,934,1345
928101.txt,consult,cons,1814,393,934,1327
1435529.txt,pathology,path,753,202,934,1136
1435529.txt,consult,cons,1820,481,934,1415
1315408.txt,consult,cons,2600,620,934,1554
1041684.txt,pathology,path,674,203,934,1137
1525413.txt,pathology,path,583,142,934,1076
1525413.txt,consult,cons,1953,497,934,1431
310511.txt,pathology,path,1027,278,934,1212
310511.txt,consult,cons,1923,455,934,1389
777248.txt,pathology,path,659,161,934,1095
777248.txt,consult,cons,2438,576,934,1510
592315.txt,pathology,path,633,225,934,1159
592315.txt,consult,cons,2813,666,934,1600
552746.txt,pathology,path,606,151,934,1085
552746.txt,consult,cons,2637,630,934,1564
1518987.txt,consult,cons,1578,389,934,1323
165361.txt,pathology,path,4380,1213,934,2147
165361.txt,consult,cons,786,194,934,1128
1406291.txt,pathology,path,639,155,934,1089
1406291.txt,consult,cons,2061,484,934,1418
1162274.txt,consult,cons,3364,802,934,1736
1204131.txt,pathology,path,1563,522,934,1456
1204131.txt,consult,cons,4403,1027,934,1961
392130.txt,pathology,path,609,150,934,1084
392130.txt,consult,cons,1933,452,934,1386
451971.txt,consult,cons,2527,601,934,1535
1496490.txt,consult,cons,1537,359,934,1293
646772.txt,pathology,path,767,184,934,1118
1298270.txt,consult,cons,1609,407,934,1341
1226244.txt,pathology,path,1900,515,934,1449
1226244.txt,consult,cons,1579,395,934,1329
964132.txt,consult,cons,2785,656,934,1590
763510.txt,pathology,path,848,224,934,1158
763510.txt,consult,cons,3741,961,934,1895
458865.txt,consult,cons,1522,375,934,1309
1077071.txt,consult,cons,2365,535,934,1469
1164049.txt,consult,cons,1867,446,934,1380
129701.txt,pathology,path,913,284,934,1218
129701.txt,consult,cons,2166,515,934,1449
1118257.txt,consult,cons,2022,453,934,1387
1290087.txt,pathology,path,1741,538,934,1472
1290087.txt,consult,cons,1574,354,934,1288
665102.txt,consult,cons,3698,908,934,1842
935281.txt,consult,cons,2235,524,934,1458
1105247.txt,pathology,path,652,181,934,1115
1105247.txt,consult,cons,3548,765,934,1699
1060695.txt,consult,cons,2752,624,934,1558
975096.txt,pathology,path,513,166,934,1100
975096.txt,consult,cons,2784,629,934,1563
168146.txt,pathology,path,589,158,934,1092
1231206.txt,pathology,path,514,133,934,1067
1231206.txt,consult,cons,2292,549,934,1483
1068235.txt,consult,cons,2778,661,934,1595
1083411.txt,consult,cons,2674,623,934,1557
1322881.txt,pathology,path,726,197,934,1131
1453377.txt,pathology,path,602,190,934,1124
1453377.txt,consult,cons,2482,628,934,1562
336310.txt,consult,cons,3648,833,934,1767
1181388.txt,pathology,path,1208,394,934,1328
1181388.txt,consult,cons,2535,591,934,1525
1153778.txt,pathology,path,455,160,934,1094
1153778.txt,consult,cons,1852,416,934,1350
385207.txt,pathology,path,3765,1105,934,2039
385207.txt,consult,cons,2921,764,934,1698
1576809.txt,pathology,path,968,248,934,1182
1135804.txt,pathology,path,553,175,934,1109
1135804.txt,consult,cons,3349,802,934,1736
343698.txt,consult,cons,3054,742,934,1676
1045725.txt,pathology,path,617,191,934,1125
1045725.txt,consult,cons,2355,585,934,1519
1414906.txt,pathology,path,696,199,934,1133
244874.txt,pathology,path,1021,270,934,1204
1354697.txt,consult,cons,1833,435,934,1369
739065.txt,pathology,path,1664,493,934,1427
739065.txt,consult,cons,2794,673,934,1607
1349074.txt,pathology,path,433,123,934,1057
1349074.txt,consult,cons,2983,771,934,1705
1146143.txt,pathology,path,414,116,934,1050
1146143.txt,consult,cons,1444,400,934,1334
863118.txt,consult,cons,2655,605,934,1539
605465.txt,consult,cons,774,202,934,1136
1100595.txt,pathology,path,572,186,934,1120
1100595.txt,consult,cons,2512,588,934,1522
103122.txt,pathology,path,510,138,934,1072
103122.txt,consult,cons,1757,429,934,1363
1633435.txt,consult,cons,1629,405,934,1339
1378340.txt,consult,cons,2985,744,934,1678
529997.txt,pathology,path,4434,1429,934,2363
529997.txt,consult,cons,3054,672,934,1606
1303763.txt,pathology,path,378,102,934,1036
1303763.txt,consult,cons,1610,448,934,1382
598824.txt,pathology,path,928,265,934,1199
71944.txt,consult,cons,3122,741,934,1675
1545677.txt,pathology,path,851,247,934,1181
1545677.txt,consult,cons,2143,551,934,1485
465626.txt,pathology,path,555,135,934,1069
160444.txt,pathology,path,690,182,934,1116
160444.txt,consult,cons,1382,332,934,1266
421857.txt,pathology,path,741,184,934,1118
421857.txt,consult,cons,1381,359,934,1293
1160623.txt,pathology,path,479,159,934,1093
965945.txt,consult,cons,782,200,934,1134
1312475.txt,pathology,path,755,186,934,1120
1312475.txt,consult,cons,3052,711,934,1645
1336918.txt,pathology,path,825,223,934,1157
1336918.txt,consult,cons,1874,473,934,1407
972669.txt,pathology,path,1692,464,934,1398
972669.txt,consult,cons,2758,668,934,1602
1058395.txt,pathology,path,523,176,934,1110
1058395.txt,consult,cons,4477,1105,934,2039
1269592.txt,pathology,path,1355,366,934,1300
1269592.txt,consult,cons,3676,951,934,1885
1274985.txt,pathology,path,644,185,934,1119
1274985.txt,consult,cons,2216,567,934,1501
1264572.txt,pathology,path,850,196,934,1130
1264572.txt,consult,cons,2469,594,934,1528
761661.txt,consult,cons,2345,549,934,1483
24410.txt,consult,cons,3269,861,934,1795
970236.txt,consult,cons,2989,710,934,1644
732291.txt,pathology,path,353,117,934,1051
732291.txt,consult,cons,771,198,934,1132
1291361.txt,pathology,path,614,147,934,1081
1291361.txt,consult,cons,1674,382,934,1316
577218.txt,pathology,path,958,278,934,1212
577218.txt,consult,cons,2433,566,934,1500
1587596.txt,pathology,path,2248,687,934,1621
1587596.txt,consult,cons,2122,512,934,1446
323112.txt,consult,cons,1577,368,934,1302
156086.txt,pathology,path,855,221,934,1155
156086.txt,consult,cons,1858,428,934,1362
1395126.txt,pathology,path,534,152,934,1086
1102119.txt,consult,cons,3430,767,934,1701
1333587.txt,pathology,path,526,130,934,1064
867143.txt,pathology,path,629,178,934,1112
1261266.txt,consult,cons,2676,726,934,1660
639074.txt,consult,cons,2509,558,934,1492
277917.txt,pathology,path,712,236,934,1170
277917.txt,consult,cons,4339,1055,934,1989
315566.txt,pathology,path,615,164,934,1098
315566.txt,consult,cons,1255,308,934,1242
1631415.txt,pathology,path,602,145,934,1079
1050994.txt,pathology,path,2049,635,934,1569
1050994.txt,consult,cons,1391,303,934,1237
1462301.txt,consult,cons,1681,441,934,1375
296602.txt,pathology,path,1347,465,934,1399
296602.txt,consult,cons,3520,796,934,1730
863584.txt,pathology,path,1193,275,934,1209
863584.txt,consult,cons,2013,505,934,1439
334421.txt,pathology,path,924,260,934,1194
334421.txt,consult,cons,3199,818,934,1752
56276.txt,pathology,path,479,162,934,1096
56276.txt,consult,cons,4623,1122,934,2056
572338.txt,consult,cons,2369,538,934,1472
1181436.txt,consult,cons,3041,730,934,1664
1362929.txt,pathology,path,657,162,934,1096
1362929.txt,consult,cons,3523,819,934,1753
1197023.txt,pathology,path,881,254,934,1188
1197023.txt,consult,cons,4484,1094,934,2028
1181132.txt,pathology,path,1005,335,934,1269
1181132.txt,consult,cons,2156,510,934,1444
1546177.txt,consult,cons,795,242,934,1176
313421.txt,pathology,path,463,132,934,1066
313421.txt,consult,cons,2693,698,934,1632
313323.txt,consult,cons,856,216,934,1150
425070.txt,pathology,path,548,168,934,1102
245845.txt,pathology,path,1101,304,934,1238
245845.txt,consult,cons,2213,583,934,1517
1430225.txt,pathology,path,756,206,934,1140
1555261.txt,pathology,path,555,161,934,1095
1555261.txt,consult,cons,1450,375,934,1309
1501803.txt,consult,cons,1905,463,934,1397
1215113.txt,pathology,path,2889,968,934,1902
1215113.txt,consult,cons,1994,454,934,1388
581492.txt,pathology,path,463,127,934,1061
581492.txt,consult,cons,2961,761,934,1695
1058063.txt,consult,cons,1252,273,934,1207
1454672.txt,pathology,path,652,174,934,1108
1454672.txt,consult,cons,1930,490,934,1424
335339.txt,consult,cons,798,217,934,1151
902720.txt,pathology,path,718,219,934,1153
902720.txt,consult,cons,3167,834,934,1768
1266939.txt,consult,cons,1618,411,934,1345
291263.txt,consult,cons,2635,574,934,1508
1352387.txt,pathology,path,1175,281,934,1215
1352387.txt,consult,cons,1681,401,934,1335
1593669.txt,pathology,path,810,225,934,1159
1593669.txt,consult,cons,2659,687,934,1621
1211282.txt,consult,cons,838,208,934,1142
1029972.txt,consult,cons,1715,401,934,1335
665419.txt,pathology,path,3304,867,934,1801
775865.txt,pathology,path,608,182,934,1116
775865.txt,consult,cons,5898,1347,934,2281
1247386.txt,pathology,path,516,135,934,1069
1247386.txt,consult,cons,2458,582,934,1516
1336513.txt,pathology,path,597,164,934,1098
1336513.txt,consult,cons,2973,767,934,1701
388285.txt,consult,cons,820,212,934,1146
575788.txt,pathology,path,535,184,934,1118
575788.txt,consult,cons,3951,1002,934,1936
1211203.txt,pathology,path,546,189,934,1123
1211203.txt,consult,cons,2866,751,934,1685
1177122.txt,pathology,path,677,224,934,1158
1177122.txt,consult,cons,1963,463,934,1397
1475978.txt,pathology,path,433,119,934,1053
1475978.txt,consult,cons,1274,336,934,1270
1048022.txt,pathology,path,1990,620,934,1554
1048022.txt,consult,cons,5057,1134,934,2068
1175297.txt,pathology,path,718,212,934,1146
1175297.txt,consult,cons,2548,623,934,1557
1069515.txt,consult,cons,2179,542,934,1476
1122244.txt,consult,cons,1908,466,934,1400
1092052.txt,consult,cons,3472,825,934,1759
1120796.txt,pathology,path,523,157,934,1091
1120796.txt,consult,cons,3997,964,934,1898
1374231.txt,pathology,path,598,156,934,1090
1046098.txt,pathology,path,462,147,934,1081
368373.txt,pathology,path,1063,318,934,1252
368373.txt,consult,cons,2210,519,934,1453
1291053.txt,consult,cons,1685,390,934,1324
1611667.txt,pathology,path,832,234,934,1168
1611667.txt,consult,cons,3158,1115,934,2049
1370838.txt,consult,cons,2752,706,934,1640
381326.txt,pathology,path,694,192,934,1126
381326.txt,consult,cons,2256,514,934,1448
631720.txt,pathology,path,476,168,934,1102
631720.txt,consult,cons,4016,906,934,1840
1107810.txt,consult,cons,1628,369,934,1303
1548478.txt,pathology,path,452,119,934,1053
1548478.txt,consult,cons,1769,437,934,1371
1295666.txt,consult,cons,2724,664,934,1598
330399.txt,pathology,path,714,183,934,1117
330399.txt,consult,cons,2669,629,934,1563
144296.txt,pathology,path,551,140,934,1074
144296.txt,consult,cons,1125,272,934,1206
1172619.txt,pathology,path,689,246,934,1180
1172619.txt,consult,cons,4374,995,934,1929
544721.txt,consult,cons,794,215,934,1149
1411132.txt,pathology,path,442,121,934,1055
1411132.txt,consult,cons,3486,878,934,1812
244688.txt,consult,cons,1710,393,934,1327
1237981.txt,consult,cons,3617,867,934,1801
548457.txt,consult,cons,2158,514,934,1448
940450.txt,pathology,path,4362,1150,934,2084
1226239.txt,consult,cons,2373,542,934,1476
1144356.txt,pathology,path,495,142,934,1076
1144356.txt,consult,cons,1544,358,934,1292
870925.txt,pathology,path,1155,307,934,1241
870925.txt,consult,cons,2434,618,934,1552
882001.txt,pathology,path,511,139,934,1073
882001.txt,consult,cons,2248,559,934,1493
1012904.txt,consult,cons,2835,665,934,1599
1291388.txt,consult,cons,1890,471,934,1405
1421457.txt,pathology,path,439,127,934,1061
1421457.txt,consult,cons,4179,964,934,1898
1416427.txt,pathology,path,2404,662,934,1596
1416427.txt,consult,cons,1797,444,934,1378
454098.txt,pathology,path,480,115,934,1049
454098.txt,consult,cons,1698,416,934,1350
1299439.txt,pathology,path,592,146,934,1080
1299439.txt,consult,cons,2428,581,934,1515
59900.txt,pathology,path,564,129,934,1063
59900.txt,consult,cons,1450,355,934,1289
1623163.txt,pathology,path,4544,1298,934,2232
1623163.txt,consult,cons,2650,672,934,1606
1539606.txt,pathology,path,539,138,934,1072
1539606.txt,consult,cons,1164,304,934,1238
1120697.txt,pathology,path,675,211,934,1145
1120697.txt,consult,cons,2873,663,934,1597
276261.txt,pathology,path,6503,2021,934,2955
276261.txt,consult,cons,5761,1361,934,2295
1229797.txt,pathology,path,296,65,934,999
1229797.txt,consult,cons,1480,388,934,1322
1285492.txt,pathology,path,3827,1052,934,1986
1211374.txt,pathology,path,410,111,934,1045
1562677.txt,pathology,path,688,177,934,1111
1562677.txt,consult,cons,2444,569,934,1503
1126450.txt,pathology,path,480,163,934,1097
1126450.txt,consult,cons,2594,592,934,1526
610810.txt,pathology,path,668,183,934,1117
610810.txt,consult,cons,2780,746,934,1680
57971.txt,pathology,path,444,128,934,1062
57971.txt,consult,cons,1613,413,934,1347
870535.txt,consult,cons,3388,782,934,1716
286563.txt,pathology,path,575,148,934,1082
286563.txt,consult,cons,2559,590,934,1524
760243.txt,pathology,path,623,161,934,1095
760243.txt,consult,cons,2156,592,934,1526
348061.txt,pathology,path,1869,472,934,1406
348061.txt,consult,cons,1432,326,934,1260
1078774.txt,pathology,path,892,266,934,1200
1078774.txt,consult,cons,3915,958,934,1892
571709.txt,pathology,path,1042,281,934,1215
571709.txt,consult,cons,1183,308,934,1242
950542.txt,pathology,path,2362,715,934,1649
950542.txt,consult,cons,3122,731,934,1665
395523.txt,consult,cons,1366,323,934,1257
138482.txt,pathology,path,860,301,934,1235
138482.txt,consult,cons,1939,443,934,1377
520978.txt,pathology,path,496,142,934,1076
520978.txt,consult,cons,3245,803,934,1737
1057509.txt,pathology,path,503,165,934,1099
1057509.txt,consult,cons,2700,660,934,1594
825950.txt,pathology,path,761,201,934,1135
825950.txt,consult,cons,1310,318,934,1252
1465563.txt,pathology,path,880,254,934,1188
1465563.txt,consult,cons,2732,697,934,1631
449018.txt,consult,cons,3439,805,934,1739
1213422.txt,consult,cons,2335,569,934,1503
108747.txt,consult,cons,1698,380,934,1314
488193.txt,pathology,path,466,154,934,1088
488193.txt,consult,cons,1411,322,934,1256
1090241.txt,pathology,path,428,110,934,1044
1090241.txt,consult,cons,1897,489,934,1423
521138.txt,consult,cons,801,226,934,1160
1311697.txt,pathology,path,1051,254,934,1188
1311697.txt,consult,cons,1585,398,934,1332
758933.txt,pathology,path,1935,490,934,1424
758933.txt,consult,cons,2575,606,934,1540
628445.txt,consult,cons,2738,675,934,1609
1314856.txt,consult,cons,3633,837,934,1771
30022.txt,pathology,path,551,192,934,1126
1098029.txt,pathology,path,545,135,934,1069
1098029.txt,consult,cons,1746,447,934,1381
1259672.txt,pathology,path,522,132,934,1066
1259672.txt,consult,cons,2829,703,934,1637
910092.txt,consult,cons,3067,734,934,1668
568216.txt,pathology,path,452,149,934,1083
568216.txt,consult,cons,3286,742,934,1676
832391.txt,pathology,path,588,185,934,1119
832391.txt,consult,cons,3923,974,934,1908
856085.txt,pathology,path,550,186,934,1120
856085.txt,consult,cons,1556,371,934,1305
309014.txt,consult,cons,2493,587,934,1521
1538245.txt,pathology,path,456,117,934,1051
1538245.txt,consult,cons,1599,402,934,1336
1437043.txt,pathology,path,758,200,934,1134
1437043.txt,consult,cons,1426,342,934,1276
1119161.txt,pathology,path,861,244,934,1178
1119161.txt,consult,cons,1812,407,934,1341
491733.txt,pathology,path,2481,749,934,1683
491733.txt,consult,cons,4046,1072,934,2006
802950.txt,consult,cons,2582,720,934,1654
1085691.txt,consult,cons,2842,665,934,1599
1646430.txt,pathology,path,1088,252,934,1186
731683.txt,pathology,path,496,132,934,1066
731683.txt,consult,cons,1699,410,934,1344
1296140.txt,pathology,path,775,188,934,1122
1296140.txt,consult,cons,3154,849,934,1783
1118019.txt,consult,cons,2043,486,934,1420
108958.txt,pathology,path,685,171,934,1105
108958.txt,consult,cons,2500,619,934,1553
1240634.txt,consult,cons,2861,703,934,1637
1370858.txt,consult,cons,1307,316,934,1250
1249167.txt,consult,cons,3285,716,934,1650
267658.txt,pathology,path,812,245,934,1179
267658.txt,consult,cons,2068,480,934,1414
505630.txt,pathology,path,1417,404,934,1338
505630.txt,consult,cons,2419,535,934,1469
1307534.txt,consult,cons,2034,515,934,1449
256537.txt,consult,cons,816,238,934,1172
1076986.txt,consult,cons,2569,625,934,1559
1626006.txt,pathology,path,695,190,934,1124
1626006.txt,consult,cons,1445,356,934,1290
919591.txt,consult,cons,1474,339,934,1273
109260.txt,pathology,path,672,178,934,1112
109260.txt,consult,cons,1963,442,934,1376
863581.txt,consult,cons,1442,306,934,1240
838461.txt,consult,cons,1872,466,934,1400
1254308.txt,pathology,path,655,187,934,1121
1254308.txt,consult,cons,1813,429,934,1363
846904.txt,pathology,path,529,176,934,1110
846904.txt,consult,cons,4587,1079,934,2013
1189263.txt,pathology,path,856,243,934,1177
1189263.txt,consult,cons,2709,612,934,1546
1205641.txt,pathology,path,586,190,934,1124
1205641.txt,consult,cons,2065,495,934,1429
414957.txt,pathology,path,545,135,934,1069
194033.txt,consult,cons,2275,597,934,1531
875152.txt,pathology,path,561,138,934,1072
875152.txt,consult,cons,1620,422,934,1356
1107828.txt,pathology,path,546,152,934,1086
1107828.txt,consult,cons,2054,469,934,1403
1429383.txt,consult,cons,1379,321,934,1255
1114924.txt,pathology,path,414,130,934,1064
1114924.txt,consult,cons,2293,533,934,1467
853832.txt,pathology,path,490,148,934,1082
1060096.txt,consult,cons,2537,599,934,1533
1284179.txt,pathology,path,958,235,934,1169
1284179.txt,consult,cons,1738,421,934,1355
1021737.txt,pathology,path,3881,1217,934,2151
1021737.txt,consult,cons,3913,902,934,1836
170012.txt,pathology,path,595,190,934,1124
170012.txt,consult,cons,2970,718,934,1652
1186824.txt,pathology,path,945,268,934,1202
784117.txt,pathology,path,752,188,934,1122
784117.txt,consult,cons,1922,455,934,1389
174746.txt,pathology,path,846,209,934,1143
174746.txt,consult,cons,1907,470,934,1404
1323861.txt,consult,cons,2334,571,934,1505
564344.txt,pathology,path,826,236,934,1170
564344.txt,consult,cons,2279,526,934,1460
713110.txt,pathology,path,563,137,934,1071
152023.txt,consult,cons,861,233,934,1167
1445467.txt,pathology,path,520,131,934,1065
1445467.txt,consult,cons,1920,512,934,1446
519494.txt,consult,cons,4260,968,934,1902
1486934.txt,pathology,path,602,158,934,1092
1486934.txt,consult,cons,1994,493,934,1427
1591388.txt,consult,cons,1426,369,934,1303
424609.txt,consult,cons,5066,1163,934,2097
907916.txt,consult,cons,3010,755,934,1689
44651.txt,pathology,path,5264,1472,934,2406
44651.txt,consult,cons,1836,453,934,1387
561902.txt,consult,cons,803,221,934,1155
1501156.txt,pathology,path,420,114,934,1048
1501156.txt,consult,cons,2174,589,934,1523
583421.txt,pathology,path,2143,589,934,1523
583421.txt,consult,cons,3160,724,934,1658
1570419.txt,pathology,path,621,175,934,1109
1472524.txt,pathology,path,1353,390,934,1324
1472524.txt,consult,cons,2244,599,934,1533
592317.txt,consult,cons,2901,672,934,1606
410264.txt,consult,cons,1650,421,934,1355
851872.txt,consult,cons,991,226,934,1160
1362878.txt,pathology,path,4899,1349,934,2283
1362878.txt,consult,cons,1651,388,934,1322
1177148.txt,pathology,path,585,192,934,1126
375374.txt,pathology,path,469,124,934,1058
783891.txt,consult,cons,2258,486,934,1420
367722.txt,consult,cons,1692,424,934,1358
179936.txt,pathology,path,5092,1473,934,2407
179936.txt,consult,cons,2635,592,934,1526
994799.txt,consult,cons,2407,593,934,1527
907559.txt,pathology,path,648,161,934,1095
907559.txt,consult,cons,1371,338,934,1272
1110577.txt,pathology,path,1142,340,934,1274
113004.txt,consult,cons,813,238,934,1172
1080438.txt,consult,cons,2302,526,934,1460
112340.txt,pathology,path,539,176,934,1110
112340.txt,consult,cons,4227,1020,934,1954
1095907.txt,pathology,path,456,147,934,1081
1095907.txt,consult,cons,2449,602,934,1536
1083442.txt,pathology,path,1970,550,934,1484
1083442.txt,consult,cons,2402,562,934,1496
629036.txt,pathology,path,1454,382,934,1316
629036.txt,consult,cons,4362,1023,934,1957
756810.txt,consult,cons,1531,385,934,1319
1203807.txt,pathology,path,719,222,934,1156
1203807.txt,consult,cons,1854,401,934,1335
1169327.txt,consult,cons,2439,586,934,1520
1048782.txt,pathology,path,668,159,934,1093
1048782.txt,consult,cons,1923,479,934,1413
1469478.txt,pathology,path,591,165,934,1099
1469478.txt,consult,cons,2998,756,934,1690
1338382.txt,pathology,path,606,147,934,1081
1142224.txt,pathology,path,538,188,934,1122
1142224.txt,consult,cons,1637,367,934,1301
1445052.txt,pathology,path,661,167,934,1101
1445052.txt,consult,cons,1638,386,934,1320
345750.txt,pathology,path,469,152,934,1086
345750.txt,consult,cons,3820,917,934,1851
1650881.txt,pathology,path,621,167,934,1101
13428.txt,pathology,path,608,151,934,1085
13428.txt,consult,cons,2196,507,934,1441
1442020.txt,consult,cons,1309,351,934,1285
1574092.txt,consult,cons,4423,1089,934,2023
1361136.txt,pathology,path,1609,427,934,1361
1007502.txt,pathology,path,460,129,934,1063
1007502.txt,consult,cons,1790,482,934,1416
1218398.txt,pathology,path,745,211,934,1145
1218398.txt,consult,cons,2459,560,934,1494
1328286.txt,pathology,path,5658,1610,934,2544
801479.txt,consult,cons,1626,379,934,1313
137217.txt,pathology,path,534,141,934,1075
1378907.txt,pathology,path,1134,322,934,1256
1510013.txt,pathology,path,1371,342,934,1276
1510013.txt,consult,cons,2421,599,934,1533
1453403.txt,pathology,path,510,122,934,1056
1453403.txt,consult,cons,2087,513,934,1447
1332542.txt,pathology,path,1032,292,934,1226
1332542.txt,consult,cons,3301,838,934,1772
1244601.txt,pathology,path,715,193,934,1127
1244601.txt,consult,cons,2140,525,934,1459
1347145.txt,pathology,path,1471,396,934,1330
1347145.txt,consult,cons,2606,620,934,1554
441995.txt,consult,cons,2876,676,934,1610
837535.txt,pathology,path,435,131,934,1065
837535.txt,consult,cons,1713,446,934,1380
1051911.txt,pathology,path,969,259,934,1193
1051911.txt,consult,cons,1633,404,934,1338
493824.txt,pathology,path,861,265,934,1199
493824.txt,consult,cons,2820,674,934,1608
1426731.txt,pathology,path,789,189,934,1123
1426731.txt,consult,cons,1565,375,934,1309
551914.txt,pathology,path,1624,503,934,1437
551914.txt,consult,cons,4843,1091,934,2025
1133061.txt,consult,cons,2855,661,934,1595
1274025.txt,pathology,path,743,175,934,1109
1274025.txt,consult,cons,2414,570,934,1504
1374538.txt,consult,cons,2664,646,934,1580
787338.txt,pathology,path,452,114,934,1048
787338.txt,consult,cons,1249,313,934,1247
1302562.txt,consult,cons,2406,540,934,1474
724427.txt,pathology,path,710,242,934,1176
724427.txt,consult,cons,4796,1164,934,2098
1214634.txt,pathology,path,364,124,934,1058
1214634.txt,consult,cons,4129,1027,934,1961
1146888.txt,pathology,path,1804,484,934,1418
1146888.txt,consult,cons,2366,541,934,1475
1343542.txt,consult,cons,1234,316,934,1250
1399385.txt,consult,cons,1332,328,934,1262
1289908.txt,pathology,path,890,250,934,1184
1289908.txt,consult,cons,1961,470,934,1404
1246295.txt,pathology,path,530,132,934,1066
1246295.txt,consult,cons,2084,508,934,1442
849051.txt,consult,cons,2779,655,934,1589
1132082.txt,consult,cons,5655,1348,934,2282
1414617.txt,pathology,path,541,147,934,1081
1414617.txt,consult,cons,1344,334,934,1268
761628.txt,pathology,path,744,200,934,1134
761628.txt,consult,cons,2426,598,934,1532
1177351.txt,pathology,path,609,177,934,1111
1177351.txt,consult,cons,1985,468,934,1402
381460.txt,pathology,path,1311,344,934,1278
381460.txt,consult,cons,1661,421,934,1355
110054.txt,pathology,path,828,249,934,1183
110054.txt,consult,cons,4826,1199,934,2133
1161166.txt,consult,cons,3429,853,934,1787
972546.txt,consult,cons,848,266,934,1200
673688.txt,consult,cons,2139,484,934,1418
1281645.txt,pathology,path,1461,406,934,1340
1281645.txt,consult,cons,1528,364,934,1298
747153.txt,pathology,path,601,205,934,1139
747153.txt,consult,cons,3578,863,934,1797
1400559.txt,pathology,path,803,227,934,1161
548251.txt,pathology,path,614,168,934,1102
1328441.txt,pathology,path,3994,1102,934,2036
1328441.txt,consult,cons,2515,583,934,1517
1066995.txt,pathology,path,460,139,934,1073
1066995.txt,consult,cons,2866,741,934,1675
630726.txt,pathology,path,646,189,934,1123
630726.txt,consult,cons,4080,982,934,1916
1399434.txt,pathology,path,556,150,934,1084
1063104.txt,consult,cons,3157,793,934,1727
1548859.txt,pathology,path,764,224,934,1158
1548859.txt,consult,cons,2410,632,934,1566
1033633.txt,consult,cons,788,203,934,1137
461429.txt,pathology,path,1083,290,934,1224
461429.txt,consult,cons,1107,273,934,1207
959920.txt,consult,cons,867,237,934,1171
417741.txt,pathology,path,490,173,934,1107
1106938.txt,pathology,path,539,180,934,1114
1106938.txt,consult,cons,4592,1082,934,2016
1445040.txt,pathology,path,713,175,934,1109
1063150.txt,consult,cons,3648,864,934,1798
1243118.txt,consult,cons,2245,509,934,1443
331375.txt,consult,cons,2771,686,934,1620
1598456.txt,consult,cons,1897,454,934,1388
1133805.txt,pathology,path,899,306,934,1240
1133805.txt,consult,cons,2484,608,934,1542
1384866.txt,pathology,path,492,136,934,1070
1384866.txt,consult,cons,3391,823,934,1757
1309309.txt,pathology,path,1726,499,934,1433
1309309.txt,consult,cons,2195,570,934,1504
1155412.txt,pathology,path,904,259,934,1193
1155412.txt,consult,cons,2271,575,934,1509
1158727.txt,consult,cons,847,188,934,1122
1442833.txt,pathology,path,1125,299,934,1233
1442833.txt,consult,cons,2126,566,934,1500
711775.txt,consult,cons,2325,547,934,1481
1186884.txt,pathology,path,3134,986,934,1920
1186884.txt,consult,cons,2560,575,934,1509
